[
  {"id":"hotel_001","name":"Grand Plaza","city":"Paris","country":"France","district":"center","base_price":180,"rating":4.5,"location_score":9,"zone_type":"sights,shopping"},
  {"id":"hotel_002","name":"Cozy Inn","city":"Paris","country":"France","district":"montmartre","base_price":120,"rating":4.2,"location_score":8,"zone_type":"sights,nightlife"},
  {"id":"hotel_003","name":"Le Marais Boutique","city":"Paris","country":"France","district":"le marais","base_price":220,"rating":4.7,"location_score":9,"zone_type":"sights,shopping,nightlife"},
  {"id":"hotel_004","name":"Budget Stay Paris","city":"Paris","country":"France","district":"gare du nord","base_price":85,"rating":3.8,"location_score":7,"zone_type":"transportation"},
  {"id":"hotel_005","name":"Louvre View Hotel","city":"Paris","country":"France","district":"1st arrondissement","base_price":280,"rating":4.6,"location_score":10,"zone_type":"sights,culture"},
  {"id":"hotel_006","name":"Casa Mediterranea","city":"Barcelona","country":"Spain","district":"eixample","base_price":150,"rating":4.4,"location_score":8,"zone_type":"sights,shopping"},
  {"id":"hotel_007","name":"Gothic Quarter Inn","city":"Barcelona","country":"Spain","district":"gothic quarter","base_price":130,"rating":4.1,"location_score":9,"zone_type":"sights,nightlife"},
  {"id":"hotel_008","name":"Beach Front Barcelona","city":"Barcelona","country":"Spain","district":"barceloneta","base_price":200,"rating":4.3,"location_score":8,"zone_type":"beach,sights"},
  {"id":"hotel_009","name":"Hostal San Lorenzo","city":"Madrid","country":"Spain","district":"center","base_price":90,"rating":4.2,"location_score":8,"zone_type":"sights,culture"},
  {"id":"hotel_010","name":"Hostal Abadia Madrid","city":"Madrid","country":"Spain","district":"center","base_price":82,"rating":4.0,"location_score":8.5,"zone_type":"sights"},
  {"id":"hotel_011","name":"Ibis Styles Madrid Prado","city":"Madrid","country":"Spain","district":"prado","base_price":112,"rating":4.2,"location_score":7.5,"zone_type":"sights,culture"},
  {"id":"hotel_012","name":"Hostal Oriente","city":"Madrid","country":"Spain","district":"sol","base_price":87,"rating":4.2,"location_score":9,"zone_type":"sights,shopping"},
  {"id":"hotel_013","name":"Motion Chueca Hostel","city":"Madrid","country":"Spain","district":"chueca","base_price":95,"rating":4.0,"location_score":7.5,"zone_type":"nightlife,sights"},
  {"id":"hotel_014","name":"Generator Madrid","city":"Madrid","country":"Spain","district":"center","base_price":130,"rating":4.0,"location_score":7,"zone_type":"nightlife,sights"},
  {"id":"hotel_015","name":"The Hat Madrid","city":"Madrid","country":"Spain","district":"sol","base_price":105,"rating":4.0,"location_score":9.5,"zone_type":"sights,nightlife"},
  {"id":"hotel_016","name":"Hostal Persal","city":"Madrid","country":"Spain","district":"sol","base_price":105,"rating":4.0,"location_score":9,"zone_type":"sights"},
  {"id":"hotel_017","name":"Boutique Apartments in the Heart of Madrid","city":"Madrid","country":"Spain","district":"center","base_price":150,"rating":4.0,"location_score":8,"zone_type":"sights,shopping"},
  {"id":"hotel_018","name":"4 Bears Sharehome","city":"Madrid","country":"Spain","district":"center","base_price":125,"rating":4.0,"location_score":7.5,"zone_type":"sights"},
  {"id":"hotel_019","name":"Líbere Madrid Palacio Real","city":"Madrid","country":"Spain","district":"palacio","base_price":160,"rating":4.0,"location_score":6.5,"zone_type":"sights,culture"},
  {"id":"hotel_020","name":"B&B Hotel Madrid Centro Plaza Mayor","city":"Madrid","country":"Spain","district":"plaza mayor","base_price":200,"rating":4.2,"location_score":9,"zone_type":"sights,shopping"},
  {"id":"hotel_021","name":"DAS CARRETAS","city":"Madrid","country":"Spain","district":"sol","base_price":170,"rating":4.2,"location_score":9.5,"zone_type":"sights,shopping"},
  {"id":"hotel_022","name":"Hostal Veracruz – Puerta del Sol","city":"Madrid","country":"Spain","district":"puerta del sol","base_price":145,"rating":4.0,"location_score":10,"zone_type":"sights,shopping"},
  {"id":"hotel_023","name":"Hostal Buenos Aires Gran Via","city":"Madrid","country":"Spain","district":"gran via","base_price":145,"rating":4.0,"location_score":8.5,"zone_type":"sights,shopping"},
  {"id":"hotel_024","name":"Hostal Atocha 28","city":"Madrid","country":"Spain","district":"atocha","base_price":145,"rating":4.0,"location_score":7,"zone_type":"transportation,sights"},
  {"id":"hotel_025","name":"Hotel Urban","city":"Madrid","country":"Spain","district":"center","base_price":290,"rating":5.0,"location_score":8.5,"zone_type":"sights,nightlife"},
  {"id":"hotel_026","name":"NH Collection Madrid Gran Vía","city":"Madrid","country":"Spain","district":"gran via","base_price":270,"rating":4.5,"location_score":9,"zone_type":"sights,shopping"},
  {"id":"hotel_027","name":"Hotel Liabeny","city":"Madrid","country":"Spain","district":"sol","base_price":235,"rating":4.5,"location_score":9.5,"zone_type":"sights,shopping"},
  {"id":"hotel_028","name":"Catalonia Puerta del Sol","city":"Madrid","country":"Spain","district":"puerta del sol","base_price":255,"rating":4.5,"location_score":9.5,"zone_type":"sights,shopping"},
  {"id":"hotel_029","name":"Vincci Soho","city":"Madrid","country":"Spain","district":"soho","base_price":245,"rating":4.5,"location_score":8,"zone_type":"sights,nightlife"},
  {"id":"hotel_030","name":"Room Mate Alba","city":"Madrid","country":"Spain","district":"center","base_price":275,"rating":4.5,"location_score":8.5,"zone_type":"sights,shopping"}
]
